{
  "metric": "BERT-Score (Safe Variant)",
  "precision_mean": 0.8631719946861267,
  "recall_mean": 0.8660179376602173,
  "f1_mean": 0.8645084500312805,
  "precision_list": [
    0.8944178819656372,
    0.8558228015899658,
    0.8539544343948364,
    0.8709591627120972,
    0.8443440198898315,
    0.8843459486961365,
    0.825326144695282,
    0.856974720954895,
    0.8845432996749878,
    0.8808720111846924,
    0.8603596687316895,
    0.8786139488220215,
    0.8537818789482117,
    0.8736362457275391,
    0.8370745182037354,
    0.8617478609085083,
    0.8178467154502869,
    0.8308272957801819,
    0.8630037307739258,
    0.8787145614624023,
    0.8397767543792725,
    0.9043933749198914,
    0.8586950898170471,
    0.86296546459198,
    0.8489047288894653,
    0.8575431108474731,
    0.8470895290374756,
    0.8758955597877502,
    0.8490129113197327,
    0.8796030282974243,
    0.8755760192871094,
    0.873821496963501,
    0.8589422106742859,
    0.8647540807723999,
    0.8478552103042603,
    0.8596575260162354,
    0.8657403588294983,
    0.8800164461135864,
    0.8623964190483093,
    0.848035454750061,
    0.8562559485435486,
    0.8431668281555176,
    0.8568114042282104,
    0.8586548566818237,
    0.8513140678405762,
    0.8713908195495605,
    0.8447532653808594,
    0.8419656753540039,
    0.8389201164245605,
    0.861679196357727,
    0.863593339920044,
    0.872127115726471,
    0.8315006494522095,
    0.892085075378418,
    0.864755392074585,
    0.8529678583145142,
    0.8920506238937378,
    0.8622562885284424,
    0.8900628685951233,
    0.8662612438201904,
    0.8485206365585327,
    0.8614183664321899,
    0.8838226795196533,
    0.9009800553321838,
    0.8523417711257935,
    0.8469427824020386,
    0.8518587946891785,
    0.9084730744361877,
    0.871017575263977,
    0.8849083185195923,
    0.848543643951416,
    0.8649082779884338,
    0.8438546657562256,
    0.8357342481613159,
    0.8684492111206055,
    0.8626054525375366,
    0.842176616191864,
    0.8583660125732422,
    0.8580392599105835,
    0.870181679725647,
    0.8331080675125122,
    0.8741223812103271,
    0.877129077911377,
    0.8450890779495239,
    0.8769324421882629,
    0.8581454753875732,
    0.8668798804283142,
    0.891363799571991,
    0.9036614894866943,
    0.8928360939025879,
    0.8605538606643677,
    0.8423924446105957,
    0.8819597959518433,
    0.8298398852348328,
    0.8722543120384216,
    0.8929681777954102,
    0.8596324920654297,
    0.8710166215896606,
    0.868443489074707,
    0.9044241905212402,
    0.860107421875,
    0.8545318841934204,
    0.8547922968864441,
    0.8519061803817749,
    0.8506541848182678,
    0.8551692962646484,
    0.877612292766571,
    0.8776940703392029,
    0.8697200417518616,
    0.8756210207939148,
    0.864167332649231,
    0.8536163568496704,
    0.8666008114814758,
    0.8750941753387451,
    0.8625533580780029,
    0.8388770818710327,
    0.8858764171600342,
    0.8489206433296204,
    0.8313956260681152,
    0.8543252944946289,
    0.8983827829360962,
    0.8705936074256897,
    0.8622483015060425,
    0.8540778756141663,
    0.8824310302734375,
    0.871929943561554,
    0.8607405424118042,
    0.8586244583129883,
    0.8578506112098694,
    0.853946328163147,
    0.847018837928772,
    0.8524432182312012,
    0.9081932306289673,
    0.8513595461845398,
    0.8907763361930847,
    0.8836449384689331,
    0.8672828674316406,
    0.8794243335723877,
    0.8265606164932251,
    0.8472988605499268,
    0.8685619831085205,
    0.8733404874801636,
    0.8569351434707642,
    0.8714791536331177,
    0.8834363222122192,
    0.8676444292068481,
    0.8358533382415771,
    0.867911159992218,
    0.8120675683021545,
    0.8703711628913879,
    0.8663052320480347,
    0.8462791442871094,
    0.8497046232223511,
    0.8978495597839355,
    0.8720325231552124,
    0.832741379737854,
    0.8651189804077148
  ],
  "recall_list": [
    0.8837032318115234,
    0.8514984250068665,
    0.8370258808135986,
    0.8717430830001831,
    0.8342958688735962,
    0.9062279462814331,
    0.8245697021484375,
    0.860755205154419,
    0.8723816871643066,
    0.8600039482116699,
    0.8645017147064209,
    0.862306535243988,
    0.863810658454895,
    0.887921154499054,
    0.8452658653259277,
    0.8865683078765869,
    0.8002909421920776,
    0.8461093902587891,
    0.8651626110076904,
    0.9017080068588257,
    0.8230559825897217,
    0.9148263931274414,
    0.8597838282585144,
    0.8630127906799316,
    0.8457972407341003,
    0.8482874035835266,
    0.8515329360961914,
    0.868452787399292,
    0.8860257267951965,
    0.8611655235290527,
    0.8579607009887695,
    0.868739128112793,
    0.8715359568595886,
    0.8480120897293091,
    0.8466880321502686,
    0.886343777179718,
    0.8405647277832031,
    0.8692227005958557,
    0.870041012763977,
    0.8407720327377319,
    0.861551821231842,
    0.816917896270752,
    0.8650007247924805,
    0.8774139285087585,
    0.8659036159515381,
    0.8752979040145874,
    0.8678044080734253,
    0.8433089852333069,
    0.8747353553771973,
    0.8608721494674683,
    0.8687918186187744,
    0.8680198192596436,
    0.8734332919120789,
    0.8937402963638306,
    0.884078323841095,
    0.8297328948974609,
    0.8900261521339417,
    0.8791989088058472,
    0.8948400020599365,
    0.8721461296081543,
    0.8676080107688904,
    0.8745960593223572,
    0.8947395086288452,
    0.8810105323791504,
    0.8742028474807739,
    0.8712418079376221,
    0.8360506296157837,
    0.8702484369277954,
    0.8587325811386108,
    0.8797112107276917,
    0.85512375831604,
    0.8914299011230469,
    0.8445391654968262,
    0.8507606387138367,
    0.861333429813385,
    0.8552963733673096,
    0.8406800031661987,
    0.8674713373184204,
    0.8701478242874146,
    0.8680012226104736,
    0.8232816457748413,
    0.8666366934776306,
    0.8775655031204224,
    0.858428418636322,
    0.9052952527999878,
    0.8609939813613892,
    0.8221797943115234,
    0.8707774877548218,
    0.8413653373718262,
    0.9003068208694458,
    0.8985548615455627,
    0.8614117503166199,
    0.90859055519104,
    0.8430043458938599,
    0.9032964110374451,
    0.8985911011695862,
    0.8591432571411133,
    0.8818120360374451,
    0.8520171642303467,
    0.8790793418884277,
    0.8598986864089966,
    0.8489636182785034,
    0.8800311088562012,
    0.8697053790092468,
    0.8565759658813477,
    0.882192850112915,
    0.8745877146720886,
    0.8478893041610718,
    0.9163817167282104,
    0.889340877532959,
    0.8645104169845581,
    0.8616210222244263,
    0.8705834150314331,
    0.8900587558746338,
    0.8582449555397034,
    0.8528113961219788,
    0.8939807415008545,
    0.8214221000671387,
    0.8334954977035522,
    0.868252158164978,
    0.879847526550293,
    0.8790642619132996,
    0.8577064275741577,
    0.8668298721313477,
    0.8957126140594482,
    0.8857672810554504,
    0.8785088062286377,
    0.8678317070007324,
    0.863224983215332,
    0.8651092648506165,
    0.8485860824584961,
    0.8718952536582947,
    0.909738302230835,
    0.8797467350959778,
    0.8912082314491272,
    0.8880795240402222,
    0.8573936223983765,
    0.8786426782608032,
    0.8282337188720703,
    0.8583143949508667,
    0.8546141982078552,
    0.8692961931228638,
    0.8352359533309937,
    0.8860021829605103,
    0.8962928056716919,
    0.8312456607818604,
    0.8491503000259399,
    0.8592135310173035,
    0.8389265537261963,
    0.8977954387664795,
    0.8585662841796875,
    0.8608157634735107,
    0.8605161309242249,
    0.9080626964569092,
    0.8665741682052612,
    0.8136163353919983,
    0.851170539855957
  ],